{"is_source_file": true, "format": "HTML", "description": "HTML source code for a web-based database visualizer interface, including styles and client-side scripting for loading and displaying database, table, and data information.", "external_files": [], "external_methods": [], "published": [], "classes": [], "methods": [], "calls": ["fetch", "refreshDatabases", "loadDatabases", "toggleDatabase", "loadTables", "loadTableData", "renderTable", "expandCell", "showLoading", "showError", "showEmptyState", "setActiveState"], "search-terms": ["HTML", "Database Viewer", "client-side scripting", "web interface", "AJAX data fetch", "dynamic table rendering", "interactive database explorer", "visualizer"], "state": 2, "file_id": 2, "knowledge_revision": 11, "git_revision": "a3365254f22d7d80da09e2a36c6d00fec6462aca", "hash": "ee63333a4841bf025439c755a74c9881", "format-version": 4, "code-base-name": "food_delivery_database", "filename": "food_delivery_database/db_visualizer/public/index.html", "revision_history": [{"11": "a3365254f22d7d80da09e2a36c6d00fec6462aca"}]}