{"is_source_file": true, "format": "bash", "description": "A shell script for setting up and managing a PostgreSQL database server, including initialization, startup, user and database creation, permissions setup, and configuration saving.", "external_files": ["/usr/lib/postgresql/", "/var/lib/postgresql/data/PG_VERSION", "db_connection.txt", "db_visualizer/postgres.env"], "external_methods": ["ls", "sudo", "pg_isready", "pghand", "pgconf", "initdb", "postgres", "createdb", "psql", "cat", "pg_roles"], "published": ["DB_NAME", "DB_USER", "DB_PASSWORD", "DB_PORT"], "classes": [], "methods": [], "calls": ["/usr/lib/postgresql/${PG_VERSION}/bin/pg_isready", "/usr/lib/postgresql/${PG_VERSION}/bin/initdb", "/usr/lib/postgresql/${PG_VERSION}/bin/postgres", "/usr/lib/postgresql/${PG_VERSION}/bin/createdb", "/usr/lib/postgresql/${PG_VERSION}/bin/psql", "sudo", "ls", "pgrp"], "search-terms": ["PostgreSQL setup script", "startup.sh", "database initialization", "postgresql version detection", "PostgreSQL user creation", "database permissions", "bash database script"], "state": 2, "file_id": 1, "knowledge_revision": 12, "git_revision": "a3365254f22d7d80da09e2a36c6d00fec6462aca", "hash": "fa2aa67ea0a7c72f7c0958282f15a864", "format-version": 4, "code-base-name": "food_delivery_database", "filename": "food_delivery_database/startup.sh", "revision_history": [{"12": "a3365254f22d7d80da09e2a36c6d00fec6462aca"}]}