{"is_source_file": false, "format": "", "description": "", "external_files": [], "external_methods": [], "published": [], "classes": [], "methods": [], "calls": [], "search-terms": [], "state": 2, "file_id": 4, "knowledge_revision": 10, "git_revision": "a3365254f22d7d80da09e2a36c6d00fec6462aca", "hash": "0c9f36dfd1a6dee9fa952c06ab7d9563", "format-version": 4, "code-base-name": "food_delivery_database", "filename": "food_delivery_database/db_visualizer/package.json", "revision_history": [{"10": "a3365254f22d7d80da09e2a36c6d00fec6462aca"}]}