{"is_source_file": true, "format": "bash shell script", "description": "This script automates the process of restoring databases from various backup formats, including SQLite, PostgreSQL, MySQL, and MongoDB. It detects the presence of backup files and restores the corresponding database accordingly, handling different database systems and connection methods.", "external_files": ["database_backup.db", "database_backup.sql", "database_backup.archive"], "external_methods": ["cp", "ls", "sudo -u postgres pg_isready", "psql", "mysqladmin", "mysql", "mongosh", "mongorestore"], "published": [], "classes": [], "methods": [], "calls": ["cp", "ls", "sudo -u postgres pg_isready", "psql", "mysqladmin ping", "mysql", "mongosh", "mongorestore"], "search-terms": ["restore_db.sh", "database restore script", "PostgreSQL restore", "MySQL restore", "MongoDB restore", "backup detection", "Shell script database restore"], "state": 2, "file_id": 6, "knowledge_revision": 13, "git_revision": "a3365254f22d7d80da09e2a36c6d00fec6462aca", "hash": "67505395c0df4c9c001ab8f47571f3fb", "format-version": 4, "code-base-name": "food_delivery_database", "filename": "food_delivery_database/restore_db.sh", "revision_history": [{"13": "a3365254f22d7d80da09e2a36c6d00fec6462aca"}]}