{"is_source_file": true, "format": "bash", "description": "A shell script that detects and backs up different types of databases (SQLite, PostgreSQL, MySQL, MongoDB). It performs checks for each database type, then executes appropriate backup commands while providing feedback messages.", "external_files": ["/usr/lib/postgresql/", "/var/run/mysqld/mysqld.sock"], "external_methods": ["pg_isready", "mysqladmin", "mysql", "mysqldump", "mongosh", "mongodump"], "published": [], "classes": [], "methods": [], "calls": ["ls", "sudo -u postgres pg_isready", "mysqladmin ping", "mysql", "mysqldump", "mongosh", "mongodump"], "search-terms": ["backup_db.sh", "database backup shell script", "database detection script", "MySQL backup", "PostgreSQL backup", "SQLite backup", "MongoDB backup", "database detection"], "state": 2, "file_id": 5, "knowledge_revision": 14, "git_revision": "a3365254f22d7d80da09e2a36c6d00fec6462aca", "hash": "7af9aa35fa4940f934d83f6e2621b732", "format-version": 4, "code-base-name": "food_delivery_database", "filename": "food_delivery_database/backup_db.sh", "revision_history": [{"14": "a3365254f22d7d80da09e2a36c6d00fec6462aca"}]}