{"is_source_file": false, "format": "", "description": "", "external_files": [], "external_methods": [], "published": [], "classes": [], "methods": [], "calls": [], "search-terms": [], "state": 2, "file_id": 7, "knowledge_revision": 9, "git_revision": "d1a3b872cf22cf1da6e299df8aa3c88513d16cba", "hash": "55eb3e19aafeacf3ec2ee37e1b04c4c3", "format-version": 4, "code-base-name": "food_delivery_database", "filename": "README.md", "revision_history": [{"9": "d1a3b872cf22cf1da6e299df8aa3c88513d16cba"}]}